t,child_susceptible,child_exposed,child_infected,child_recovered,child_dead,adult_susceptible,adult_exposed,adult_infected,adult_recovered,adult_dead,elderly_susceptible,elderly_exposed,elderly_infected,elderly_recovered,elderly_dead
0,0.9996545215447744,1.6716816753614693e-05,0.0003287640662165359,0.0,0.0,0.9996493895848592,3.1365168979391456e-05,0.0003192526191317787,0.0,0.0,0.9996740440527598,3.501966615052273e-05,0.00029093260382069276,0.0,0.0
1,0.9995709419250488,0.00010030090100675201,0.0003287640662165359,0.0,0.0,0.9995496869087219,0.0001310615999197277,0.0003192526191317787,0.0,0.0,0.9996013144652048,0.00010775281698442996,0.00029093260382069276,0.0,0.0
2,0.9994594931602478,0.00021174634797110531,0.0003287640662165359,0.0,0.0,0.9993838946024577,0.0002968489240932589,0.0003192526191317787,0.0,0.0,0.9994720180829366,0.00023705619435835008,0.00029093260382069276,0.0,0.0
3,0.9993480503559112,0.00032319179639065017,0.0003287640662165359,0.0,0.0,0.9992013116677602,0.00047943901493757344,0.0003192526191317787,0.0,0.0,0.9993480960528056,0.0003609719312710998,0.00029093260382069276,0.0,0.0
4,0.9992421805858612,0.0004123481533800562,0.0003454808844253421,0.0,0.0,0.9990332861741383,0.0006161015383743992,0.00035061779053648936,0.0,0.0,0.9992133994897207,0.0004606432805303484,0.00032595226706083245,0.0,0.0
5,0.9991808811823527,0.0003900590668005558,0.00010030090100675201,0.0003287640662165359,0.0,0.9988932549953461,0.000656428185175173,0.0001310615999197277,0.0003192526191317787,0.0,0.9990975677967071,0.0005037444051898395,0.00010775281698442996,0.00029093260382069276,0.0
6,0.9991084416707356,0.0003510531581317385,0.00021174634797110531,0.0003287640662165359,0.0,0.9987958014011383,0.0005880969227291643,0.0002968489240932589,0.0003192526191317787,0.0,0.9990167558193207,0.0004552556410393057,0.00023705619435835008,0.00029093260382069276,0.0
7,0.9989969988663991,0.000351053156676547,0.00032319179639065017,0.0003287640662165359,0.0,0.9986120879650116,0.0005892171078206351,0.00047943901493757344,0.0003192526191317787,0.0,0.9988901456197102,0.00045794946054229514,0.0003609719312710998,0.00029093260382069276,0.0
8,0.9988298277060191,0.0004123481562904393,0.0004290649681934156,0.0003287640662165359,0.0,0.9983174880345662,0.0007157979697997992,0.0006474667112343014,0.0003192526191317787,0.0,0.9986719489097595,0.0005414578922985432,0.0004956629437704881,0.00029093260382069276,0.0
9,0.9986180782318115,0.0005627995075580353,0.0004736431529939485,0.0003454808844253421,0.0,0.9979859034220377,0.00090734953895056,0.0007561246175707008,0.00035061779053648936,0.0,0.9984321931997935,0.0006653736267859737,0.000576477552143236,0.00032595226706083245,0.0
10,0.9984174748261769,0.0006909617800071525,0.0004624986099467302,0.00042906496916354325,0.0,0.997683455546697,0.001112343322408075,0.0007538842502981425,0.000450314217111251,0.0,0.9981277922789256,0.0008889607328455895,0.0005845590140476513,0.0003986854130441012,0.0
11,0.9982057273387909,0.0007912626810139045,0.000462498604611028,0.0005405104195233435,0.0,0.9973429262638092,0.001269169165364777,0.0007718072001201411,0.0006161015330386969,0.0,0.9978503306706746,0.0010398146589674676,0.0005818651998803641,0.0005279887889628298,0.0
12,0.9979828357696533,0.0008469854025558258,0.0005182213324587792,0.0006519558635773137,0.0,0.9969676633675894,0.001349822455085814,0.0008838256568803141,0.0007986916287336498,0.0,0.9974597275257111,0.0012122191682768365,0.0006761489106186976,0.0006519045263606434,0.0
13,0.9977209448814393,0.0008971358610627551,0.0006240945071719277,0.0007578290513871859,0.0,0.9965285460154215,0.0014573601753606151,0.0010473726123260954,0.000966719327455697,0.0,0.9971472442150116,0.0012849523084393392,0.0007812079076150743,0.0007865955422554787,0.0
14,0.9973531742890676,0.0010643040383001789,0.0007634013187877523,0.0008191240476056312,0.0,0.9959034860134125,0.001779973345886295,0.0012097993826804061,0.0011067423950104664,0.0,0.9965896248817444,0.0015381714270915835,0.000969775333457316,0.0009024298264800261,0.0
15,0.9968460937341054,0.0013596344642185917,0.0009027081284633217,0.0008915635936621887,0.0,0.9951440036296845,0.0021989223974136014,0.001452879438875243,0.0012041984630438189,0.0,0.9958784560362498,0.001971876489308973,0.001166424208592313,0.0009832444275768163,0.0
16,0.9963055829207103,0.0016772539995145053,0.0010141535763978026,0.0010030090382012228,0.0,0.9942142426967621,0.002753413775159667,0.0016444310099662592,0.0013879087346140295,0.0,0.9951430439949036,0.0023166855059874552,0.0014304186101071537,0.0011098539941788962,0.0
17,0.9957372188568115,0.0019837289757560937,0.0011088822080637327,0.0011701772047672421,0.0,0.9931859095891317,0.0033426308383544285,0.0017889348091557622,0.001682517285613964,0.0,0.9942891001701355,0.0028581434045918284,0.0015247023179351042,0.0013280534437702348,0.0
18,0.9950796862443289,0.0022734871483407913,0.0012649058509850875,0.0013819235493429006,0.0,0.9920119643211365,0.0038915212848223747,0.0020824231828252475,0.0020140919174688556,0.0,0.9933947503566742,0.003194870970522364,0.0018425731337629258,0.001567803449385489,0.0
19,0.9941268265247345,0.0027192689245566725,0.0015713808281968037,0.0015825253465057661,0.0,0.9905041952927908,0.0046398046581695475,0.002539458521641791,0.0023165417835116385,0.0,0.9921690642833709,0.003709390643052757,0.0022493399990101653,0.0018722051502360652,0.0
20,0.9930402318636576,0.0032653516662927966,0.0019001448798614243,0.001794271698842446,0.0,0.988877683877945,0.005336559494026005,0.003128675592597574,0.002657077903859317,0.0,0.9907817463080089,0.004361295149040719,0.0027072894852608444,0.002149668661877513,0.0
21,0.9921542386213938,0.0035829711569628367,0.0022456257856295755,0.002017162610233451,0.0,0.9872489392757415,0.005936978415896495,0.0037817432583930593,0.003032339725177735,0.0,0.9894914070765177,0.004797694087028503,0.0031706265445488194,0.0025402726062263054,0.0
22,0.9910843729972839,0.0039953192851195736,0.002641257127591719,0.002279059418166677,0.0,0.9854510406653086,0.0065609212887162965,0.004516584298107773,0.0034714521219333014,0.0,0.9879559318224589,0.005438823311123997,0.0037524917589810986,0.0028527557655858497,0.0
23,0.9898250301678976,0.004301794276883205,0.0032263457193039357,0.0026468293935370943,0.0,0.9832353134950002,0.007268877979367971,0.005399289828104278,0.0040965151196966565,0.0,0.9862722893555959,0.005896772781852633,0.0044205592052700615,0.003410376620013267,0.0
24,0.9881979246934255,0.004842304644019653,0.0038058620256682238,0.0031539061727623146,0.0,0.9806712170441946,0.008206472429446877,0.006266312642643849,0.0048560003051534295,0.0,0.9841711123784384,0.006610635190736502,0.00509670814111208,0.004121545143425465,0.0
25,0.9864370922247568,0.005717151429659377,0.004151342952779183,0.003694416582584381,0.0,0.9777587334314982,0.009490203981598219,0.006965307891368866,0.005785753500337402,0.0,0.9818140168984731,0.007677387997197608,0.005651635176036507,0.004856958116094271,0.0
26,0.9844143609205882,0.006670010027786096,0.004652847450536986,0.00426278836093843,0.0,0.9744295477867126,0.011021496340011558,0.007734874752350152,0.006814082859394451,0.0,0.9790690143903097,0.008886913450745245,0.006333171649991224,0.005710899185699721,0.0
27,0.982402765750885,0.007422266784124077,0.005254652867248902,0.004920316456506649,0.0,0.9708303948243459,0.0124049242430677,0.008776646464442213,0.007988036454965671,0.0,0.9759064674377441,0.010365820815786719,0.007122461047644416,0.006605247602177163,0.0
28,0.9813663184642791,0.006831605934227506,0.0059288977761752905,0.005873175027469794,0.0,0.969062739610672,0.011608473056306442,0.009832980452726285,0.009495804940039912,0.0,0.9743736863136292,0.00979742471439143,0.007997952743122975,0.007830935755434136,0.0
29,0.9802295744419098,0.006207511488658686,0.006603142720026275,0.006959768198430538,0.0,0.9670721769332886,0.01068656121691068,0.011118952417746186,0.0111223129555583,0.0,0.9727250695228576,0.009088949897947412,0.008967728121206164,0.009218253327223163,0.0
30,0.9791485607624054,0.005265797352573524,0.0077398863388225434,0.007845759500438969,0.0,0.9650323132673899,0.009397228729600708,0.012819392622138064,0.012751061438272397,0.0,0.971025268236796,0.00804374769795686,0.010422390994305412,0.010508593280489247,0.0
31,0.9775270183881124,0.0048757383483462036,0.008681600362372895,0.008915635741626222,0.0,0.9624077280362447,0.008422668068669736,0.014620649442076684,0.014548957689354818,0.0,0.9687678496042887,0.007138623995706439,0.012049458579470713,0.012044070909420649,0.0
32,0.9758553445339203,0.005510977376252413,0.008458709491727253,0.01017496936644117,0.0,0.959555733203888,0.009507006709463894,0.014172575669363141,0.01676468285731971,0.0,0.9663730402787526,0.008000646469493706,0.011898604625215133,0.013727708626538515,0.0
33,0.9742616732915242,0.005967903688239555,0.00796834947541356,0.011802072947223982,0.0,0.956803439060847,0.010268732284506163,0.013599041166404884,0.019328785501420497,0.0,0.9640267233053843,0.00869834601568679,0.011446042793492477,0.015828888661538563,0.0
34,0.9728184560934703,0.0063301013937840855,0.007288532246214648,0.013562910895173749,0.0,0.9541822075843811,0.010850108073403439,0.012726417416706682,0.022241265357782442,0.0,0.961877050002416,0.009148213996862371,0.010788750539844235,0.018185981285447874,0.0
35,0.9702942152818044,0.007232809547955791,0.00688732867129147,0.015585645909110706,0.0,0.9502649267514547,0.012142801051959395,0.012021821178495883,0.02557045410697659,0.0,0.9586417774359385,0.010126070763605336,0.010301169101148843,0.02093098424375057,0.0
36,0.9680597285429636,0.007795609068125486,0.006547419990723332,0.017597236251458526,0.0,0.9464943786462148,0.013061352586373687,0.011274658081432184,0.0291696073487401,0.0,0.9553849498430887,0.010988093299480776,0.009533430364293357,0.02409352920949459,0.0
37,0.9658419668674469,0.008419703591304522,0.007104647268230717,0.018633678757275143,0.0,0.9427328050136566,0.014070638890067736,0.012259300363560518,0.030937258340418338,0.0,0.9522170146306356,0.01180970847296218,0.010346963962850472,0.025626313406974077,0.0
38,0.9634960412979126,0.009322411683388054,0.007411122252233326,0.0197704222984612,0.0,0.9386474827925364,0.015534720057621599,0.01288996433528761,0.03292782648156087,0.0,0.9488524337609608,0.013024621472383539,0.010848014638759196,0.027274931129068137,0.0
39,0.9610832472642262,0.009210966217021147,0.008854340808466078,0.020851443304369846,0.0,0.9344075918197632,0.015857333270832896,0.01476739370264113,0.03496768254165848,0.0,0.945347770055135,0.013294003484770656,0.012383492275451621,0.028974731639027595,0.0
40,0.9583249747753143,0.009734759759157895,0.009467290722144146,0.02247297465801239,0.0,0.9295515914758047,0.016942792168507973,0.015913342606897155,0.03759227525442839,0.0,0.9411184787750244,0.01426647260474662,0.013382899621501566,0.031232153220723074,0.0
41,0.9551599224408468,0.010682046134024858,0.010013373444477718,0.024144656335314114,0.0,0.9242788811524709,0.0184539212534825,0.016822932520881295,0.04044426536808411,0.0,0.9365551471710205,0.015661871852353217,0.014156026067212224,0.033626959876467785,0.0
42,0.9534102340539297,0.0100858129405727,0.01076563027066489,0.02573832608759403,0.0,0.9213731169700623,0.017274366815884908,0.018155952046314875,0.0431965588281552,0.0,0.9343219598134359,0.014530467086782057,0.015174290103216966,0.035973277098188795,0.0
43,0.9515658060709635,0.00951744120878478,0.01173520558513701,0.027181544651587803,0.0,0.9181369066238403,0.016270681424066423,0.01977461902424693,0.04581779086341461,0.0,0.93157426516215,0.013773503573611378,0.016529281763359903,0.03812294593080878,0.0
44,0.9495207846164704,0.008804190306303401,0.011969241049761574,0.029705784128357966,0.0,0.9145545522371928,0.014997031462068358,0.020713333785533906,0.04973507641504208,0.0,0.9286864956219991,0.01243198102650543,0.01752330151697,0.04135822436461846,0.0
45,0.9480162700017293,0.007143653207458555,0.01289981057246526,0.031940264999866484,0.0,0.9122212111949921,0.012057667132467031,0.022215501094857853,0.05350561800102393,0.0,0.9265098830064138,0.010045256155232588,0.018829804426059128,0.04461505307505528,0.0
46,0.9463223000367482,0.007087930423828463,0.012431739612172048,0.03415802971770366,0.0,0.9094173888365428,0.011955730322127541,0.021359680003176132,0.05726719740778208,0.0,0.9240665912628174,0.010255374107509851,0.017895048608382542,0.04778298567980528,0.0
47,0.9440766712029774,0.007489134006512662,0.01193023508725067,0.03650395609438419,0.0,0.9059941053390503,0.012142801222701867,0.020510580173383156,0.06135251093655825,0.0,0.9210279564062754,0.010546306800097226,0.017278163818021615,0.051147567977507906,0.0
48,0.9420149326324463,0.007505850804348787,0.011562465232176085,0.03891675031433503,0.0,0.9028788765271505,0.011675684154033661,0.019853031790504853,0.06559240960826476,0.0,0.918363771835963,0.010322719641650716,0.016661279074226817,0.054652228392660616,0.0
49,0.9397804578145345,0.008235818574515481,0.010308703950916728,0.04167502491424481,0.0,0.8990523278713226,0.013168890215456485,0.017330375934640565,0.07044841044892867,0.0,0.9150880873203278,0.011421798480053742,0.014608587728192408,0.05888152550905943,0.0
50,0.9377577185630799,0.008564582622299591,0.00883762389421463,0.04484007563441992,0.0,0.8957365791002909,0.013680814517041047,0.014861489304651816,0.07572111897170544,0.0,0.9122164726257325,0.011850115843117237,0.012488551220546167,0.06344485736141602,0.0
51,0.9358185668786366,0.008258107630535961,0.009333556230800847,0.04658976917465528,0.0,0.8928409000237783,0.013153207767754794,0.015379014347369472,0.07862687769035498,0.0,0.909622323513031,0.011405635407815378,0.013294003469248613,0.06567803428818782,0.0
52,0.9338348368803661,0.00818009590730071,0.009550874851023157,0.04843419107298056,0.0,0.8897234241167704,0.013155447940031687,0.015258034613604346,0.0818630908926328,0.0,0.9067695637543997,0.011594202850634854,0.013210495126744111,0.06842573136091232,0.0
53,0.9318733990192414,0.007907054526731372,0.009740332157040637,0.05047921507308881,0.0,0.8866115589936574,0.012440770212560893,0.01550223482772708,0.08544544192651908,0.0,0.9041457891464233,0.010942298360168934,0.01359840518174072,0.07131350624064604,0.0
54,0.9296667734781902,0.008090939450388154,0.010258553425470988,0.051983729501565296,0.0,0.8826774696509043,0.013059112072611848,0.016484636534005403,0.08777878619730473,0.0,0.9009697675704956,0.011246700072661042,0.014293410799776514,0.07349011339247227,0.0
55,0.9275158782800038,0.008302685851231218,0.010503733421986301,0.053677699714899066,0.0,0.8789606908957164,0.013880207436159253,0.01657649182404081,0.09058260843157769,0.0,0.8978637973467509,0.011758525964493553,0.01444426472298801,0.07593340811630091,0.0
56,0.924813328186671,0.009021509050702056,0.010241836604351798,0.05592332519590855,0.0,0.8749257862567902,0.014797638822346925,0.01627068140854438,0.09400589217742285,0.0,0.8942998786767323,0.012469694577157497,0.014258391161759695,0.07897203763326009,0.0
57,0.9224841197331747,0.009389278882493576,0.01014153566211462,0.057985065939525765,0.0,0.8707900683085124,0.015821487518648307,0.016267320948342483,0.0971211265772581,0.0,0.8908921996752421,0.013253596161181729,0.014217983869214853,0.08163622667392095,0.0
58,0.9199543078740438,0.009712470726420482,0.010113674386714896,0.06021954653163751,0.0,0.8668055693308513,0.015871895663440227,0.016374858437726895,0.10094767659902573,0.0,0.8874117771784464,0.013557997966806094,0.014118312516560157,0.08491191193461418,0.0
59,0.917469072341919,0.010046807102238138,0.010241836635395884,0.06224228193362554,0.0,0.8627482573191325,0.016212431713938713,0.01677588475868106,0.10426342263817787,0.0,0.8838720937569936,0.013991703062007825,0.014352674937496583,0.0877835251390934,0.0
60,0.9148445347944896,0.009968795254826546,0.011005237931385636,0.06418143361806869,0.0,0.858388501405716,0.016537285254647333,0.01791511240104834,0.10715910034875074,0.0,0.8803135613600414,0.013986315485090018,0.015322450424234073,0.0903776733825604,0.0
61,0.9117129147052765,0.010771202358106772,0.011350718854616085,0.06616516243666411,0.0,0.8534932971000672,0.017296770525475343,0.018933360247562328,0.11027657389640808,0.0,0.876159687836965,0.01473250367368261,0.01587737739707033,0.0932304294159015,0.0
62,0.9085144360860189,0.011439875063175956,0.011919090648492177,0.0681266019741694,0.0,0.8487213114897411,0.01808426041776935,0.019805984074870744,0.11338844572504361,0.0,0.8719842692216238,0.015427509353806575,0.01673401224737366,0.09585421060522398,0.0
63,0.9060849189758301,0.011384152465810378,0.012197704209635655,0.07033322167893251,0.0,0.8448253035545349,0.017922953702509403,0.019929204415529967,0.11732253370185693,0.0,0.86863853931427,0.015233554256459078,0.017097677911321323,0.09903022510310014,0.0
64,0.9035551091035207,0.011289423890411853,0.012671347443635265,0.07248411898811659,0.0,0.8408240020275116,0.017564494690547387,0.020572190390278897,0.12103930662075678,0.0,0.8653251469135285,0.014988416557510693,0.017550239711999892,0.10213619917631149,0.0
65,0.9011256039142609,0.010587317496538162,0.013100412394851445,0.07518667094409466,0.0,0.8368025461832682,0.01669075069949031,0.02143249207486709,0.1250742118805647,0.0,0.8618635773658753,0.014296104727933804,0.018140186307330927,0.10570012405514717,0.0
66,0.898478772242864,0.010035662554825346,0.013969686751564344,0.07751588150858879,0.0,0.832499913374583,0.01622139327228069,0.022068756973991792,0.1292099339266618,0.0,0.8582700312137603,0.013714239529023568,0.018907925145079694,0.10910780727863312,0.0
67,0.8956982076168061,0.010386715751762192,0.013869385824849208,0.08004569274683794,0.0,0.828339550892512,0.01648575675984224,0.021980262392510972,0.13319443042079607,0.0,0.8546576102574667,0.013980927783995867,0.018773234014709792,0.11258822244902451,0.0
68,0.892388274272283,0.011166833868871132,0.013913964138676722,0.08253092641631762,0.0,0.8235709289709727,0.01725308336317539,0.021924253242711227,0.1372517389555772,0.0,0.8506788392861684,0.014646301449586948,0.018546953238546847,0.11612790251771608,0.0
69,0.889568704366684,0.011556892966230711,0.013718934481342633,0.08515546607474486,0.0,0.819371352593104,0.017431192627797524,0.02158595739553372,0.14161149710416793,0.0,0.8469479004542033,0.014915683461974064,0.018449975612262883,0.11968643901248772,0.0
70,0.8878022948900859,0.010676473875840505,0.013234146777540446,0.08828708318372568,0.0,0.8166918714841207,0.015808045181135336,0.02099337978288531,0.14650670439004898,0.0,0.8446716248989106,0.01359840522830685,0.017889660969376563,0.12384031092127164,0.0
71,0.8860303103923798,0.00966789258333544,0.01281622654447953,0.09148556801180045,0.0,0.8139832655588786,0.014356285954515139,0.02038175901398063,0.1512786902487278,0.0,0.8424249748388927,0.012232638352240125,0.01732665253803134,0.1280157322684924,0.0
72,0.8843084792296092,0.008079794918497403,0.013696645541737476,0.09391507878899574,0.0,0.811140239238739,0.012430688614646595,0.02125438265502453,0.15517469396193823,0.0,0.8399924556414287,0.010686385398730635,0.017959700183322033,0.13136145745714506,0.0
73,0.8826758066813151,0.0068929008751486736,0.013986403588205576,0.0964448906481266,0.0,0.8085716525713603,0.010799699897567431,0.021452655332783857,0.15917599201202393,0.0,0.8378939708073934,0.009053930298735698,0.018377242516726254,0.1346748560667038,0.0
74,0.8816393633683522,0.006162933267963429,0.01332330321893096,0.09887440092861652,0.0,0.8067379077275594,0.009953960434844096,0.020110674233486257,0.16319745381673176,0.0,0.8364770213762919,0.008194601582363247,0.01719196153183778,0.13813641369342805,0.0
75,0.8800624152024586,0.005967903696000576,0.012448456510901451,0.1015212302406629,0.0,0.8043821632862092,0.009601102365801731,0.018516651478906472,0.16750008290012677,0.0,0.8345644076665243,0.007860567886382341,0.015845051500946283,0.14172997226317724,0.0
76,0.8787306288878123,0.0055778446607291695,0.011389724739516775,0.10430179486672084,0.0,0.8022414942582449,0.008898746470610302,0.017199314292520286,0.17166045059760413,0.0,0.832635631163915,0.007356823390970628,0.014665158186107873,0.14534238477547964,0.0
77,0.8755321562290191,0.007143653168653449,0.009712470726420482,0.10761172473430633,0.0,0.7974818249543508,0.01108982761700948,0.014999271898219983,0.1764290750026703,0.0,0.8285518010457357,0.009342169001077613,0.012784871521095436,0.1493211567401886,0.0
78,0.8727125823497772,0.008926780289039015,0.007929343567229807,0.11043129339814187,0.0,0.7935611764589946,0.013176731547961633,0.012633442040532827,0.18062864790360134,0.0,0.8252410928408305,0.011235924810171128,0.010470879854013522,0.1530520978073279,0.0
79,0.8704000850518544,0.009662320309629043,0.007739886222407222,0.11219770312309266,0.0,0.790089730421702,0.01429243537907799,0.012309708632528782,0.18330812777082126,0.0,0.8223317643006642,0.012232638336718083,0.010107214096933603,0.15532837708791097,0.0
80,0.8681711872418721,0.010559456143528222,0.007299676754822334,0.11396968687574069,0.0,0.7867616554101308,0.015479830993960301,0.011741775088012218,0.1860167349378268,0.0,0.8197537859280905,0.012881848930070798,0.009789343147228161,0.1575750231742859,0.0
81,0.8663991987705231,0.009132954385131597,0.008776329054186741,0.11569151928027471,0.0,0.7843532641728719,0.013128563606490692,0.013658410869538784,0.18885976448655128,0.0,0.8176364421844482,0.010915360227227212,0.011440655123442412,0.16000754286845525,0.0
82,0.8636409282684326,0.00907165938988328,0.009963223027686279,0.11732419456044833,0.0,0.7799599011739095,0.013601281462858121,0.015010473721971115,0.19142834593852362,0.0,0.8138866504033406,0.011354452930390835,0.01265287430336078,0.16210602968931198,0.0
83,0.8602696935335795,0.010130391114701827,0.011239273380488158,0.11836063787341118,0.0,0.7751240591208141,0.01496566627174616,0.016648183669894935,0.1932620902856191,0.0,0.8096788962682088,0.012652874334404866,0.01414525080472231,0.16352297787865003,0.0
84,0.8560236275196076,0.012147553777322174,0.011891229171305895,0.1199375905096531,0.0,0.769191563129425,0.017570095447202522,0.017620503871391215,0.19561783795555432,0.0,0.804633371035258,0.015120413713157177,0.014810624439269305,0.16543559109171233,0.0
85,0.8518945773442587,0.014504624996334314,0.012331438716500998,0.12126936316490174,0.0,0.7631604909896851,0.02119277265543739,0.017888228129595517,0.19775850921869279,0.0,0.7990760227044423,0.018560422491282223,0.014999191804478566,0.1673643653591474,0.0
86,0.8284854551156362,0.01617073450858394,0.011891229171305895,0.14330212871233622,0.00015045135078253224,0.740112692117691,0.022573960137863953,0.017521927567819753,0.21966596295436222,0.00012546067591756582,0.7757744749387105,0.02037875118354956,0.014665158092975616,0.18905231406291326,0.00012930337882911165
87,0.8242170949776967,0.01695085261017084,0.012442884283761184,0.14623871619502704,0.00015045135078253224,0.7342899719874064,0.023474588555594287,0.01843711848681172,0.22367286086082458,0.00012546067591756582,0.7704865038394928,0.021399709085623424,0.015562200266867877,0.1924222841858864,0.00012930337882911165
88,0.8084698537985484,0.017106876211861768,0.014376462623476981,0.1598462050159772,0.00020060180152844018,0.7179599146048228,0.0238845760623614,0.020898164001603922,0.23704114506642024,0.0002161956304917112,0.754320885737737,0.021938473048309485,0.017698399908840656,0.20584828555583953,0.0001939550682436675
89,0.8027582784493764,0.018533377846082052,0.016276607600351174,0.16223113785187404,0.00020060180152844018,0.710312424103419,0.025377782247960567,0.02360116932541132,0.24049243330955505,0.0002161956304917112,0.7473115702470143,0.023277301682780187,0.02067776517942548,0.20853941241900126,0.0001939550682436675
90,0.7910453577836355,0.01994873515019814,0.018929009201625983,0.16984843437870342,0.0002284631632695285,0.6971446474393209,0.027466926413277786,0.026967324316501617,0.2481444130341212,0.0002766856021480635,0.7347314298152924,0.02471041421716412,0.02412854917347431,0.21617639164129893,0.0002532191128314783
91,0.7876629889011383,0.018984732093910377,0.02032207722465197,0.17279616594314576,0.00023403543600579723,0.6927826484044393,0.025941234889129798,0.028310425579547882,0.25268900444110237,0.0002766856021480635,0.7305021226406098,0.023522439443816743,0.02560745639105638,0.22011475612719852,0.0002532191128314783
92,0.7829989969730378,0.017792265738050143,0.021352947875857353,0.17760503739118577,0.00025075225421460344,0.6867448627948761,0.024340491369366647,0.029817073605954647,0.25881193528572716,0.0002856470780291905,0.7250417550404866,0.022127040506651003,0.026983998777965704,0.22559398661057153,0.0002532191128314783
93,0.7792600055535635,0.01590883769094944,0.02266243180880944,0.1819179768363635,0.00025075225421460344,0.6815942505995433,0.021879445885618527,0.031408856498698394,0.26483180224895475,0.0002856470780291905,0.720661602417628,0.019530197822799286,0.028834652962783973,0.23071763267119724,0.00025591293378965927
94,0.7705059667428334,0.013646495047335823,0.02437311929340164,0.19119581033786137,0.00027861361450050027,0.6721118887265524,0.019005051938196023,0.033241478415826954,0.2753256971637408,0.0003158920633723028,0.7115618765354157,0.01699531273916364,0.030278540775179864,0.24088680744171143,0.0002774634970895325
95,0.7644266128540039,0.014281734079122543,0.023136074872066578,0.19787696450948716,0.00027861361450050027,0.6648317992687225,0.019901199576755364,0.031677700392901895,0.28325884143511454,0.0003304544637406555,0.7045956552028656,0.017671461527546246,0.028751144806543987,0.2486961930990219,0.0002855449580238201
96,0.7579349140326183,0.014515769621357321,0.022194360941648485,0.2050651952624321,0.0002897581594879739,0.6570924520492554,0.020135318332662185,0.03068297654390335,0.2917419970035553,0.0003472572313815666,0.6969425141811371,0.01802165818711122,0.027711330043772856,0.25702278862396877,0.0003017078789222675
97,0.7509751498699189,0.01412571055504183,0.02146439313267668,0.21312827467918397,0.00030647497721171627,0.6499333560466767,0.019198844116181134,0.02940372594942649,0.30110002160072324,0.0003640599995075415,0.6896045466264089,0.017684930687149367,0.0264263776751856,0.2659689669807752,0.0003151769812878532
98,0.7476317862669627,0.013802518586938579,0.019486236417045198,0.21876741300026575,0.00031204724946292116,0.6453226725260417,0.018765332487722237,0.026868747919797896,0.30867919127146404,0.0003640599995075415,0.6853536983331044,0.017402079484115044,0.02399655192469557,0.2729324941833814,0.0003151769812878532
99,0.7430903851985932,0.01376351274860402,0.017469073894123235,0.22535383999347686,0.00032319179348026713,0.6394439399242401,0.018801178472737472,0.024111973742643993,0.3172754863897959,0.0003674205523566343,0.6798852443695068,0.017380528959135215,0.021712192241102456,0.2806987762451172,0.0003232584431922684
100,0.7375571151574453,0.01404769867658615,0.0177253984225293,0.23033545116583506,0.0003343363384677408,0.6330252786477407,0.01867123702540994,0.02487705983221531,0.3230444351832072,0.000381982952724987,0.6735978623231252,0.017480200373878083,0.022210549004375933,0.28636926611264546,0.00034211518892940753
101,0.7289925297101338,0.014465619157999755,0.017797837996234498,0.2383985290924708,0.00034548088297015056,0.6240615646044413,0.01955058177312215,0.024262078509976467,0.3317068248987198,0.0004189490461916042,0.664861802260081,0.017959700462718806,0.02198426810403665,0.29481170177459715,0.00038252249117552614
102,0.7198762973149617,0.014794383135934671,0.017379917576909064,0.24757049083709717,0.00037891452035789067,0.6148771663506826,0.019640196735660236,0.023754634832342466,0.34127319951852164,0.00045479495553687836,0.6555250287055969,0.01827757116407156,0.021868433710187672,0.3039087345202764,0.00042023597925435754
103,0.7112894217173259,0.015033990858743589,0.01758609153330326,0.2556837171316147,0.0004067758816139152,0.6058619280656179,0.019642437032113474,0.023908100059876838,0.3500946551561356,0.0004928812311845831,0.646506114800771,0.018436506607880196,0.022097408398985864,0.3125074098507563,0.00045256182396163545
104,0.705934468905131,0.01501727399105827,0.017491362957904735,0.2611501172184944,0.0004067758816139152,0.5994835992654165,0.01963571598753333,0.023647097094605368,0.35673287212848664,0.0005007225253696863,0.6405312180519104,0.018288346597303946,0.022019287602355084,0.3187031954526901,0.0004579494634526782
105,0.7016884009043376,0.015318176693593461,0.017747687672575316,0.26483896176020305,0.0004067758816139152,0.5940641403198242,0.01986199337989092,0.023677342260877293,0.3618913173675537,0.0005052032657355692,0.635512634118398,0.018625074190398057,0.021922310038159292,0.3234820346037547,0.0004579494634526782
106,0.6957706451416016,0.015663657647867996,0.01804859029750029,0.27010475695133207,0.0004123481543501839,0.5869296888510386,0.020601315268625815,0.024195987451821565,0.36775212387243905,0.0005208858536207117,0.6286757230758667,0.019018371806790432,0.02246107440441847,0.3293761134147644,0.00046872474340489136
107,0.6890226225058238,0.015563356674586732,0.018817563851674397,0.2761785318454107,0.00041792042708645264,0.5791847268740337,0.020849996215353408,0.024785204728444418,0.3746412605047226,0.0005388088063530934,0.6209848642349243,0.019177307188510895,0.02313183561588327,0.33621302545070647,0.0004929691252376264
108,0.6816616515318553,0.015802964475005864,0.01874512421588103,0.2833444794019063,0.00044578178882754096,0.57083487311999,0.021458256368835766,0.02448163457835714,0.3826685041189194,0.0005567317547199006,0.6128845453262329,0.0197780292481184,0.022927105240523816,0.3438904176155726,0.0005199073270584146
109,0.6737601717313131,0.01593669895082712,0.01901816561197241,0.2908224652210871,0.0004624986055811557,0.5621892829736074,0.021580356483658154,0.0248680983359615,0.3907707999149958,0.0005914574780035764,0.6047815342744192,0.019988147293527922,0.023067183947811525,0.35162437756856285,0.00053876406600466
110,0.6631561398506165,0.016142873093485832,0.019246628694236278,0.3009305685758591,0.0005237936022846649,0.5512574076652527,0.021814474804947772,0.025246720761060715,0.40104737381140393,0.0006340244915918447,0.5937826633453369,0.020499973061184087,0.023519745686401923,0.36160767475763955,0.0005899466593594601
111,0.6579962094624837,0.016265463177114727,0.01958653734376033,0.30562242269515993,0.000529365874050806,0.5448477109273274,0.02200938711563746,0.02599500399082899,0.40650379061698916,0.0006441061511092508,0.5877969980239868,0.0205915629863739,0.024031571640322606,0.36698453724384306,0.0005953343007907582
112,0.6555834174156189,0.01452134173984329,0.019514097925275566,0.3098462074995041,0.000534938145816947,0.5418489774068197,0.019372472415367763,0.02629745366672675,0.41183698872725166,0.0006441061511092508,0.5849981168905894,0.018124023514489333,0.024268627694497506,0.37201389769713084,0.0005953343007907582
113,0.651482222477595,0.012509751413017512,0.019937590540697176,0.3155299226442973,0.0005405104175830881,0.5373424708843231,0.016918148131420216,0.02681273892521858,0.4182758152484894,0.0006508272568074365,0.5807391802469889,0.01574807378153006,0.024766984550903242,0.3781450341145198,0.0006007219417369924
114,0.6476652165253957,0.010503733499596516,0.02007132498547435,0.3212136387825012,0.0005460826912894845,0.5328594962755839,0.01418601789822181,0.027199202341337998,0.42509213387966155,0.0006631492908733586,0.5765125811100006,0.013000377112378676,0.02539464474345247,0.3844916770855586,0.0006007219417369924
115,0.6441212515036265,0.008547865770136316,0.0201883427798748,0.32659088373184203,0.0005516549635406893,0.528853710492452,0.011467329831793905,0.027403075993061066,0.431609367330869,0.00066650984226726,0.5725068688392639,0.010567857278510928,0.025604762602597475,0.3907144020001094,0.0006061095826832267
116,0.6384709695974986,0.008464281742150585,0.018472082975010077,0.33401315013567606,0.0005795163262519055,0.5233020842075348,0.011463969231893618,0.02481993039449056,0.43973182837168373,0.0006821924272420195,0.5668282926082611,0.010613652365282177,0.023215344020475943,0.3987096607685089,0.0006330477849890788
117,0.635166609287262,0.008313830383121968,0.016644377602885167,0.3392956634362539,0.0005795163262519055,0.5194598426421483,0.011288100418945153,0.022272630563626685,0.4462927510341009,0.0006866731656676469,0.5631700873374939,0.010384677567829688,0.020737029301623505,0.4050670752922694,0.0006411292434980472
118,0.6332274595896403,0.008046361291781068,0.014638359410067399,0.34350830217202505,0.0005795163262519055,0.5170122394959132,0.010776175900051992,0.019804863755901656,0.45172004302342733,0.0006866731656676469,0.5608722587426503,0.009913258984064062,0.018406874562303225,0.41016647815704343,0.0006411292434980472
119,0.6323414663473765,0.006842750450596213,0.012593335456525285,0.3476429303487142,0.0005795163262519055,0.5158237288395564,0.009094778820872307,0.017055930849164725,0.4573388894399007,0.0006866731656676469,0.5597650984923045,0.00834814930955569,0.015672647052754958,0.41557297507921853,0.0006411292434980472
120,0.6308313806851705,0.005516549657719831,0.010670901633178194,0.3524016499519348,0.0005795163262519055,0.5142252256472906,0.007309204572811723,0.014274512448658546,0.4635032673676809,0.0006877933507591175,0.5581676661968231,0.006664511615720888,0.013237433352818092,0.4212865710258484,0.0006438230639711644
121,0.6290705422560374,0.0042739329161122445,0.01043686610646546,0.3556391358375549,0.0005795163262519055,0.5124788602193197,0.005553875281475484,0.01418825825676322,0.4670912176370621,0.0006877933507591175,0.5563547194004059,0.005147890738832454,0.012997683323919772,0.42485049267609915,0.0006492107049173985
122,0.6267023305098216,0.003059177566319704,0.010174969195698698,0.35948400795459745,0.0005795163262519055,0.5103549897670746,0.0041301206530382235,0.013662891648709773,0.47116196652253467,0.0006900337190018036,0.5541592558224996,0.0038791013260682425,0.012572059625138838,0.4287403702735901,0.0006492107049173985
123,0.6225286960601807,0.0027805639314465226,0.008932352624833583,0.3651732991139094,0.0005850885999583018,0.506517235438029,0.0038019065745174886,0.011964691756293177,0.4770115693410238,0.0007045961184000286,0.5503070950508118,0.003547761395263175,0.011020419110233584,0.43447012503941856,0.0006545983458636328
124,0.6175192256768545,0.0025465284978660446,0.0076395853733023005,0.3716984281937281,0.0005962331454308393,0.5022672533988952,0.003502817308374991,0.01011638722072045,0.48340670665105184,0.00070683648858297,0.5456925749778747,0.003262216446455568,0.009334087635700901,0.44105382363001505,0.0006572921673068776
125,0.6132230043411255,0.002256770327221602,0.006246517303710183,0.3776719073454539,0.000601805418167108,0.4985202312469482,0.0031477187294512987,0.008278164158885678,0.4893425623575846,0.0007113172289488527,0.5419131537278493,0.0028850816229047875,0.007531921798363328,0.44701255261898043,0.0006572921673068776
126,0.6090326527754466,0.0023960771310764053,0.004920316526355843,0.38303800026575724,0.0006129499646097732,0.49467576046784717,0.003391919013423224,0.006504912030262252,0.4947060028711955,0.0007213988942870249,0.537990947564443,0.0029955282419299087,0.006066483492031693,0.4522843599319458,0.0006626798082531119
127,0.6047977288564046,0.0022957762334651004,0.0036665552334549526,0.3886102775732676,0.0006296667837887071,0.4907551179329554,0.003510658582672477,0.004990422430758675,0.5000100801388423,0.0007337209302932024,0.5338263014952341,0.003138300714393457,0.004654921606803934,0.4577177921930949,0.0006626798082531119
128,0.6030257443586985,0.0023403544172955057,0.0033433634632577497,0.3906608690818151,0.0006296667837887071,0.48883176147937774,0.0036148357437923552,0.0045244256112103665,0.5022941321134567,0.000734841115384673,0.5317062656084697,0.0033133990596979856,0.004248154714393119,0.4600694994131724,0.0006626798082531119
129,0.5988019605477651,0.002457372130205234,0.002986738019778083,0.3951242615779241,0.0006296667837887071,0.48519115845362343,0.0037593395449221135,0.004116678408657511,0.5061935007572174,0.0007393218538103004,0.5277409613132477,0.0035315985015283028,0.0037524917783836524,0.46430957118670146,0.0006653736277561014
130,0.5953638672828674,0.002273487134759004,0.0030424607219174506,0.3986905167500178,0.0006296667837887071,0.4820770452419917,0.0032911023668323954,0.00434295570012182,0.509545091787974,0.0007438025932060555,0.5245864987373352,0.0030709552112966774,0.003914120983487616,0.46775766313076017,0.0006707612687023356
131,0.5913964132467906,0.002457372130205234,0.002903153921943158,0.40261339644591015,0.0006296667837887071,0.47854174474875133,0.003111872860851387,0.004370960321587821,0.5132282624642054,0.0007471631436298291,0.5208878815174103,0.0028608372337960947,0.003914121014531702,0.47166639467080435,0.0006707612687023356
132,0.5904324094454447,0.002323637600056827,0.002903153918062647,0.40371113220850624,0.0006296667837887071,0.4774338811635971,0.0029942534437092643,0.00433735481929034,0.5144873470067978,0.0007471631436298291,0.5197914938131968,0.002661494522665938,0.004013792355544865,0.4728624532620112,0.0006707612687023356
133,0.5897693077723185,0.002167613967321813,0.0028975816521172723,0.4045358290274938,0.0006296667837887071,0.47644251585006714,0.0029763304938872654,0.0043732006956512725,0.5154607921838761,0.0007471631436298291,0.5188136438528697,0.0026103119443481168,0.004021873806292812,0.47388341327508293,0.0006707612687023356
134,0.5873230735460917,0.0021843307826202364,0.003059177550797661,0.40680374602476754,0.0006296667837887071,0.4739837129910787,0.0030861085979267955,0.0044863393840690454,0.5176955600579579,0.0007482833287212997,0.5162302682797114,0.002863531047478318,0.00409999459516257,0.47613275051116943,0.0006734550891754528
135,0.5847096880276997,0.0019280062513037895,0.0029644489171914757,0.4097681929667791,0.0006296667837887071,0.47157643338044486,0.00303458011476323,0.004090914207821091,0.5205475489298502,0.0007505236969639858,0.5137681156396866,0.002871612513748308,0.003779429957891504,0.47890469431877136,0.0006761489086784423
136,0.5805026233196259,0.001866711267697004,0.002931015271072586,0.4140644172827403,0.0006352390565249759,0.4679223964611689,0.0029830516083166002,0.0038209497230127453,0.5245197256406148,0.0007538842483578871,0.5098216672738393,0.0027369214842716855,0.0035369861676978567,0.483222887913386,0.0006815365496246766
137,0.5760336538155874,0.0020171626257554937,0.0027248412021435796,0.4185890982548396,0.0006352390565249759,0.46405999958515165,0.0029360038538773854,0.003734695507834355,0.528512058655421,0.0007572448016920437,0.5057135949532191,0.002771941153332591,0.0033187866754209,0.4875141451756159,0.0006815365496246766
138,0.5668839871883392,0.0018890003382693976,0.0027861362012724083,0.4278000642855962,0.0006408113282911169,0.4567978431781133,0.002690683433320373,0.0038131083982686203,0.5359344065189362,0.0007639659073902294,0.498009263475736,0.0025672108128977317,0.003431927137232075,0.49529389341672264,0.0006976994695529963
139,0.5659589906533559,0.0020450239826459438,0.002618968034706389,0.42873620688915254,0.0006408113282911169,0.4557997554540634,0.0026447558736739057,0.003834391897544265,0.5369571248690287,0.0007639659073902294,0.4970825920502345,0.0024379074301881095,0.0035800872564626237,0.4961990177631378,0.0007003932909962411
140,0.5652011652787526,0.0020728853337156276,0.0023403544269967823,0.4297447909911474,0.0006408113282911169,0.45504699448744457,0.0025428191001992673,0.0036921284704779585,0.5379540959993998,0.0007639659073902294,0.49631485442320505,0.002322073143053179,0.0034130704084721704,0.49724961320559186,0.0007003932909962411
141,0.563200714190801,0.0018611389813789478,0.002418366225901991,0.43187897006670634,0.0006408113282911169,0.4530485858519872,0.0024039161546776694,0.003676445867555837,0.5401070853074391,0.0007639659073902294,0.4943052649497986,0.002095792246594404,0.0034292333410121502,0.49946661790211994,0.0007030871124394859
142,0.5610999623934428,0.0017218321717033783,0.002507522583861525,0.43402986725171405,0.0006408113282911169,0.45104233026504514,0.0023255032487213612,0.0035274613182991743,0.5423396229743958,0.0007650860905414447,0.4923145314057668,0.0019260815616386632,0.003388826036825776,0.5016674757003784,0.0007030871124394859
143,0.555873175462087,0.0014320740185212344,0.0024796612153295426,0.4395687053600947,0.0006463836019975133,0.44663776556650797,0.00208690392319113,0.003393039165530354,0.5471149623394013,0.0007673264568438754,0.48773503601551055,0.0017752276093233378,0.0031544636469334362,0.5066267987092336,0.0007084747533857202
144,0.5536777019500733,0.0012537613016320392,0.002485233483215173,0.44193692207336427,0.0006463836019975133,0.4443145036697388,0.002023053413722664,0.003200367430690676,0.5496947546799977,0.0007673264568438754,0.48545876145362854,0.001772533793700859,0.002863531051358829,0.509194012482961,0.000711168574828965
145,0.5464003125826518,0.0012314722068064536,0.002412793952195595,0.44930903911590575,0.0006463836019975133,0.43850410481293994,0.0018695881143988421,0.00309731043719997,0.5557549516359965,0.000774047565452444,0.4793006867170334,0.0016944129951298238,0.0027881040781115494,0.5155029366413753,0.0007138623962722098
146,0.54263902703921,0.0011200267569317173,0.002212192166674261,0.45337679982185364,0.0006519558742487182,0.43527909616629284,0.0017654109474581976,0.002916960740306725,0.5592611312866211,0.0007774081226671114,0.4756613353888194,0.0016432304226327687,0.0025429664296098054,0.5194386114676793,0.0007138623962722098
147,0.5421319544315338,0.0012091831110107403,0.002022734881999592,0.45398417512575784,0.0006519558742487182,0.4346383482217789,0.001843823855354761,0.0027892596864451964,0.5599511524041494,0.0007774081226671114,0.4750498354434967,0.0017078821120473245,0.0023624804647018514,0.5201659401257833,0.0007138623962722098
148,0.5399253368377686,0.0012370444785725946,0.0016939708051116515,0.4564861238002777,0.0006575281460148593,0.43277324239412945,0.001818059627354766,0.002578664970739434,0.5620503882567088,0.0007796484909097975,0.47308065195878346,0.0016459242469863966,0.002198157418752089,0.5223614007234574,0.0007138623962722098
149,0.5369497378667195,0.0012537612929008901,0.0015713808281968037,0.459562020500501,0.0006631004177810004,0.4305463135242462,0.001835982560684594,0.0024240795134877163,0.56441397468249,0.0007796484909097975,0.47069662312666577,0.0015893540141405538,0.0021604439282479388,0.5248397201299667,0.0007138623962722098
150,0.5153739005327225,0.0012983394757611678,0.0014710799228244771,0.4811712920665741,0.0006853895106663306,0.41313528418540957,0.0017911751832192142,0.002278455482640614,0.5819919129212697,0.0008031723603683835,0.45181024571259815,0.0015435590660975624,0.002090404599827404,0.5438311517238616,0.0007246376742841675
151,0.5116126169761022,0.0012036108460354929,0.0015100858280978477,0.48498829702536267,0.0006853895106663306,0.41007494131724037,0.0016108254737143095,0.0023075802833773195,0.5852034846941631,0.0008031723603683835,0.44863962233066557,0.0013873174835074072,0.0021442810151105127,0.5471014479796091,0.0007273314947572847
152,0.5051543523867925,0.0011590326651154707,0.0014989412865058207,0.4915022820234299,0.0006853895106663306,0.40447513858477274,0.001512249230290763,0.00230982067490307,0.5908973832925161,0.0008054127305513248,0.4427320728699366,0.0013469101870820547,0.0020688540224606793,0.5531194527943929,0.000732719135703519
153,0.5035718222459157,0.0010977376737476637,0.0015713808262565485,0.49307366609573366,0.0006853895106663306,0.4030222584803899,0.0014203940731628488,0.0022370086633600296,0.5925149301687876,0.0008054127305513248,0.4412504663070043,0.001311890520931532,0.0019772641515980165,0.5547276516755422,0.000732719135703519
154,0.5026524037122726,0.0012314722005006236,0.0015379471840181699,0.4938927888870239,0.0006853895106663306,0.40214291512966155,0.001524571261446302,0.002200042565042774,0.5933259387811025,0.0008065329156427954,0.4404207766056061,0.001406174236520504,0.001939550664004249,0.5555007775624593,0.000732719135703519
155,0.4997436722119649,0.0012091831144061872,0.0015936699075003466,0.4967680831750234,0.0006853895106663306,0.39963706135749816,0.0015727391932159663,0.0021529948241853464,0.5958284318447113,0.0008087732858257368,0.43759765128294625,0.0015516405304272969,0.0018883680818059172,0.558224231004715,0.000738106780530264
156,0.4981778681278229,0.0012258999413461424,0.0014487908221781254,0.4984620541334152,0.0006853895106663306,0.3982401877641678,0.0015772199316415937,0.001978246031406646,0.5973955690860748,0.0008087732858257368,0.43615914980570475,0.0015624158064989995,0.0017078821159278352,0.5598324398199718,0.000738106780530264
157,0.49453917642434436,0.0012593335675774142,0.001432074010760213,0.5020840307076772,0.0006853895106663306,0.39529970586299895,0.0016209071405076732,0.0018393431305109213,0.6004312733809153,0.0008087732858257368,0.4329992989699046,0.0016297613134762894,0.0016432304206925135,0.5629869083563487,0.0007408006000332535
158,0.4928563475608826,0.001120026744805121,0.0015156581105353931,0.5038225829601288,0.0006853895106663306,0.39374489287535347,0.001520090513319398,0.0018886312590135881,0.6020376165707906,0.0008087732858257368,0.43154732982317606,0.0014842950244201348,0.0017563708766829222,0.5644712011019389,0.0007408006000332535
159,0.48945168455441795,0.0011033099299917618,0.0015045135558466427,0.5072551012039185,0.0006853895106663306,0.3909869949022929,0.0014853647987668713,0.001934558826421077,0.6047843078772227,0.0008087732858257368,0.42850869993368784,0.0013442163539972777,0.0018964495335239916,0.567507137854894,0.0007434944214764983
160,0.4888721724351247,0.0011868940287968143,0.0014710799237946048,0.5077844659487406,0.0006853895106663306,0.39038097858428955,0.00148200424737297,0.0019446404864235471,0.6053836007912954,0.0008087732858257368,0.4278460184733073,0.001390011307861035,0.0018829804379493,0.5681374947230021,0.0007434944214764983
161,0.4885266900062561,0.0011144544803149377,0.0015323749171026672,0.5081410864988963,0.0006853895106663306,0.38999114831288656,0.0014215142708659792,0.0019480010397577038,0.6058305581410726,0.0008087732858257368,0.42749043703079226,0.0013038090624225636,0.0019260815577581524,0.5685361802577973,0.0007434944214764983
162,0.48694973488648735,0.001053159482156237,0.0015379471946895744,0.5097737630208333,0.0006853895106663306,0.3886850158373515,0.0013240582038027545,0.001988327672006562,0.6071938236554464,0.0008087732858257368,0.42610042691230776,0.0012607079290319235,0.0019287753695001206,0.5699639002482096,0.0007461882409794877
163,0.48438092271486916,0.0010420149400791464,0.0013763512930988024,0.512515319387118,0.0006853895106663306,0.3863841553529104,0.0012714095297269522,0.0018953523423988373,0.6096403062343597,0.0008087732858257368,0.42356823285420736,0.0011610365783174834,0.0018344916752539575,0.5726900498072306,0.0007461882409794877
164,0.48048032919565836,0.0008692744988366031,0.0014487908241183807,0.5165106425682704,0.0006909617829175355,0.38321291307608285,0.0011627516369723404,0.0018539055250585078,0.6129616598288218,0.0008087732858257368,0.4200070013602575,0.0010263455643629035,0.0017213512202336764,0.5764991084734599,0.0007461882409794877
165,0.4772818485895793,0.0008692744973814115,0.0014209294555863987,0.5197369913260143,0.0006909617829175355,0.38077875077724455,0.001087699260096997,0.001792295374131451,0.6155313611030578,0.0008098934728574628,0.4171892652908961,0.0009940197167452424,0.001667474797189546,0.5794003585974375,0.0007488820614526048
166,0.4734982709089915,0.0008525576859634991,0.001331773106358014,0.5236152867476146,0.0007021063274199453,0.3776265492041906,0.0010742570370590935,0.0016914787498535588,0.6187978188196818,0.0008098934728574628,0.4138623982667923,0.0009616938599113686,0.0015597219908765206,0.5828619162241618,0.0007542697004585837
167,0.4725398401419322,0.00074668450106401,0.0012983394743059761,0.5247130175431569,0.0007021063274199453,0.376739364862442,0.0009958441223716363,0.0016466713782089452,0.6198071042696635,0.0008110136579489336,0.4129330337047577,0.0009158989201144625,0.0015112332233305399,0.5838855683803559,0.0007542697004585837
168,0.4723448137442271,0.0006686726890620775,0.001214755398783988,0.5250696460405986,0.0007021063274199453,0.37644476095835366,0.0009051091653721718,0.0015312923681146155,0.6203078289826711,0.0008110136579489336,0.41258822083473207,0.0008835730792876954,0.0014034804082863654,0.5843704561392467,0.0007542697004585837
169,0.47071771025657655,0.000562799508528163,0.0011033099353274642,0.5269140740235646,0.0007021063274199453,0.37504788637161257,0.0008569412253564224,0.0013979904052879041,0.6218861679236094,0.0008110136579489336,0.41106082300345104,0.0007892893656389788,0.0012714832012231151,0.5861241300900777,0.0007542697004585837
170,0.4676473875840505,0.00045135406204887353,0.0010698763081260646,0.5301237086455027,0.0007076785991860864,0.37264733215173085,0.000749403506051749,0.0013442215383596098,0.6244457880655925,0.0008132540281318749,0.4083239048719406,0.0007030871187453158,0.001217606808252943,0.5889984349409739,0.0007569635199615732
171,0.4634291768074036,0.0004067758811288513,0.0009918644903033661,0.5344589332739512,0.0007132508719223552,0.3691467523574829,0.0006754713244542169,0.001318457293867444,0.6280449410279592,0.0008143742132233455,0.4045714130004247,0.0005953342964251837,0.001166424217323462,0.5929017841815949,0.0007650449794406692
172,0.4614287316799164,0.0004012036098477741,0.00084141313903577,0.5366098304589589,0.0007188231436884962,0.3674597571293513,0.0006620291009312495,0.0011649919867826005,0.6298988501230876,0.0008143742132233455,0.40275308390458425,0.0005064382256629566,0.0011260169170175989,0.5948494136333465,0.0007650449794406692
173,0.45957316358884176,0.0003566254328082626,0.0007968349508397902,0.5385545512040456,0.0007188231436884962,0.36587917705376943,0.0006228226460128402,0.0010921799956122413,0.6315903226534526,0.0008154943983148163,0.4011071582635244,0.00048488766430333877,0.0010344270170511056,0.5966084798177084,0.0007650449794406692
174,0.45906051297982536,0.00041792042708645264,0.0006519558650325052,0.5391507844130198,0.0007188231436884962,0.3653806944688161,0.0006418657852918841,0.0010059257814039786,0.6321560144424438,0.0008154943983148163,0.40064112742741903,0.0004902753096151476,0.0009266742029770588,0.597176875670751,0.0007650449794406692
175,0.4589267820119858,0.0003844867955194786,0.0005460826932297398,0.5394238253434499,0.0007188231436884962,0.36528211534023286,0.0005130445555550977,0.0009196715691359714,0.6324696640173594,0.0008154943983148163,0.40053607026735943,0.0004283174397035812,0.0008000646494717027,0.5974705020586649,0.0007650449794406692
176,0.4586147318283717,0.00035662543086800724,0.000495932242483832,0.5398138840993245,0.0007188231436884962,0.3649987131357193,0.00040998756788515796,0.0008311769798941289,0.6329446295897166,0.0008154943983148163,0.400272074341774,0.000358278109827855,0.0007165562138349439,0.5978880425294241,0.0007650449794406692
177,0.4568873276313146,0.00031204724946292116,0.0004847877033171244,0.5415970126787821,0.0007188231436884962,0.3635727147261302,0.0003203728008278025,0.000809893478678229,0.6344804008801778,0.0008166145834062869,0.39874198536078137,0.0002882387775268095,0.0006357416098277705,0.5995689868927002,0.0007650449794406692
178,0.4557840198278427,0.00018945725799615805,0.0005070767855310502,0.5428006231784821,0.0007188231436884962,0.3627034535010656,0.00020611396854898582,0.0007908503389141212,0.6354829609394074,0.0008166145834062869,0.39788265724976857,0.0001724045054288581,0.0006276601469532276,0.6005522270997365,0.0007650449794406692
179,0.45510977307955425,0.000183884986230017,0.0004792154276704726,0.5435083011786143,0.0007188231436884962,0.3621870477994283,0.00019939286139560863,0.0006833126128185541,0.636112509171168,0.0008177347665575022,0.39737352430820466,0.00016432304546469821,0.0005252949714000958,0.6011718094348908,0.0007650449794406692
180,0.4543853759765625,0.00012258998952650776,0.0004457817912528602,0.5443274279435476,0.0007188231436884962,0.3614891747633616,0.0001971524926678588,0.0005656932315711553,0.6369302570819855,0.0008177347665575022,0.39657615423202514,0.0001508539435841764,0.000479500021901913,0.6020284493764242,0.0007650449794406692
181,0.4541123370329539,0.00010030090100675201,0.0003956313375965692,0.5446729063987732,0.0007188231436884962,0.36124833623568214,0.00018146990672297155,0.0004682371679033774,0.6372842252254486,0.0008177347665575022,0.39623942772547405,0.0001400786607215802,0.0004175421563559212,0.6024379034837087,0.0007650449794406692
