Iteration,Task Loss
1.0,5980891.947872556
2.0,6267495.9775937805
3.0,5445945.781046325
4.0,5092774.3009155365
5.0,4931813.566222427
6.0,4230885.835809617
7.0,4647533.415462541
8.0,4108208.048490535
9.0,4486443.008812542
10.0,4708271.779216866
11.0,4417919.070887672
12.0,4363144.63244064
13.0,4139423.729473469
14.0,3907817.2023927625
15.0,3903079.6825149185
16.0,3817187.882585528
17.0,3141078.10844661
18.0,3649205.540762017
19.0,3863033.1325449073
20.0,2696631.1937754466
21.0,3458227.9552292526
22.0,2824686.3090763777
23.0,3272885.105020671
24.0,2693091.085830362
25.0,2292649.0592443445
26.0,2252325.8369990075
27.0,2207171.297239129
28.0,2502035.9236425837
29.0,2578386.829041765
30.0,1795477.5375329978
31.0,2305674.2994832546
32.0,2088565.0133998282
33.0,1870392.7630671733
34.0,1763412.2299805677
35.0,1706432.3879130625
36.0,2051806.61117712
37.0,1793537.8364961878
38.0,1469559.8997110978
39.0,1606688.0037676333
40.0,1570344.559034601
41.0,1538002.348086491
42.0,1203206.2683263058
43.0,1356718.1214171916
44.0,1190883.8749831757
45.0,1659129.4675459787
46.0,1455051.5535125379
47.0,1545201.89446613
48.0,1271947.148752013
49.0,1167855.535331582
50.0,1064086.6370073145
51.0,1023908.1089994085
52.0,1032201.4734692252
53.0,1166894.1430878427
54.0,813732.4428756703
55.0,1036182.277399324
56.0,1120504.7077610726
57.0,753604.0097779451
58.0,1187524.5171843246
59.0,886745.2699436588
60.0,760016.0044583476
61.0,853987.2815749078
62.0,544779.3287727108
63.0,1152920.1210683817
64.0,744806.6365865513
65.0,803200.3281778872
66.0,710138.841116253
67.0,587787.5303568924
68.0,747175.9369651997
69.0,594440.7342431078
70.0,659714.373474573
71.0,571326.3781780816
72.0,589152.1331953076
73.0,655158.8587806647
74.0,446477.4451086051
75.0,525784.5227504824
76.0,601780.9364944847
77.0,585507.5025678308
78.0,558456.3056700712
79.0,588134.5811198275
80.0,499335.95549913094
81.0,504353.29971149063
82.0,411211.3204960648
83.0,536556.928821549
84.0,267137.10882022575
85.0,421036.3437018983
86.0,539158.8111514705
87.0,365561.70642311015
88.0,500243.2711432376
89.0,388451.0984434601
90.0,501445.3509664132
91.0,304102.55858684785
92.0,303111.9303550353
93.0,427884.0041443308
94.0,351529.5921134131
95.0,462087.8945808237
96.0,457945.82202508935
97.0,470783.3664554099
98.0,330895.68259414413
99.0,211367.66345239378
100.0,263739.5940428271
101.0,296995.0183811282
102.0,190373.89728166402
103.0,196798.73132557952
104.0,262285.82241238496
105.0,158314.3204495776
106.0,256157.42790203184
107.0,205802.2430310511
108.0,189656.32825829
109.0,256395.07420844954
110.0,302189.40706712735
111.0,314663.3236504544
112.0,235268.48208414862
113.0,249771.26510475465
114.0,165667.140540465
115.0,170738.766757492
116.0,237177.60698860418
117.0,166507.0946183761
118.0,195169.6797409235
119.0,198351.12607809546
120.0,324842.24176083104
121.0,244362.81780445838
122.0,172040.01501818025
123.0,226528.34914349462
124.0,168404.1110252851
125.0,185190.48043224297
126.0,156869.42407138782
127.0,188731.62791186568
128.0,290860.22993679286
129.0,214652.97967364706
130.0,162707.36770304342
131.0,129145.01064818837
132.0,146601.8273997731
133.0,205088.04577569748
134.0,122419.9748453574
135.0,201085.31644037546
136.0,158155.63510039967
137.0,197719.7773903185
138.0,115241.97968089738
139.0,181122.83945865615
140.0,176494.58417831993
141.0,185810.17898042925
142.0,122544.6580283475
143.0,184654.63127515774
144.0,103830.84500105861
145.0,130512.92203700713
146.0,213589.98957722823
147.0,97442.95534073688
148.0,103709.4476374323
149.0,204436.98185158003
150.0,117557.59769970496
151.0,161943.037536244
152.0,158367.38134326314
153.0,143594.1319076671
154.0,93383.86814597403
155.0,171073.370717455
156.0,106873.33398515978
157.0,96464.50520940215
158.0,133102.7732198173
159.0,91112.68335923078
160.0,108205.50773374044
161.0,115259.14740478924
162.0,107337.48694602415
163.0,125153.52857238254
164.0,101755.06873259562
165.0,104836.63224421305
166.0,85907.74373297178
167.0,194794.28659892565
168.0,85272.69960653262
169.0,104890.16533491161
170.0,162130.66076499125
171.0,146355.26302645306
172.0,84674.37992985023
173.0,93077.20414034874
174.0,105760.31251002269
175.0,86654.57734239745
176.0,84240.22211798566
177.0,123107.81877022484
178.0,174093.06697814693
179.0,78138.80424176576
180.0,81785.7177312182
181.0,105035.82478299148
182.0,93313.8238838079
183.0,101705.01921320443
184.0,109455.67096055306
185.0,140511.4368531613
186.0,74632.01077624796
187.0,90700.27986496144
188.0,72669.25358949398
189.0,82183.54193161274
190.0,82428.58821047613
191.0,87266.85048936652
192.0,71462.01290245513
193.0,67469.19219068895
194.0,70278.24476051665
195.0,85874.2485089346
196.0,84588.32415074809
197.0,67510.20011664723
198.0,110969.12223822637
199.0,84871.84975303328
200.0,67308.6434673625
201.0,74251.24064075814
202.0,69783.42911857853
203.0,121640.59198225696
204.0,70942.92859366057
205.0,67461.9230630035
206.0,69118.55795618655
207.0,61681.02456775084
208.0,65185.921037905406
209.0,61854.877051435615
210.0,59488.67423467227
211.0,80339.34216644107
212.0,95463.8767771965
213.0,75450.44695315712
214.0,70008.99161936238
215.0,56082.60960202285
216.0,88761.62913673515
217.0,76986.52185773748
218.0,83402.84495859931
219.0,67267.28215393494
220.0,66062.44585246377
221.0,62753.142794173174
222.0,70885.90358516085
223.0,166997.601187517
224.0,68736.6192319841
225.0,59066.962301067346
226.0,54125.65378997254
227.0,54191.69824126824
228.0,85483.85961004175
229.0,66591.54079286549
230.0,129377.79413706515
231.0,56763.14577704892
232.0,55968.186135113
233.0,75017.67257147934
234.0,138018.69622255646
235.0,57562.88128795954
236.0,47878.678112040536
237.0,48976.879837042536
238.0,58512.89182321733
239.0,76953.83214540785
240.0,74448.79475363271
241.0,49094.564407744765
242.0,45944.84149812465
243.0,50530.29679859722
244.0,48455.487868934106
245.0,53348.30421710571
246.0,56149.1960239589
247.0,46697.368457199744
248.0,97478.281348879
249.0,76505.11093496643
250.0,46310.15786911327
251.0,45036.36747726435
